{
    "AC": [
        "Rio Branco",
        "Acrelândia",
        "Assis Brasil",
        "Brasiléia",
        "Bujari",
        "Capixaba",
        "Cruzeiro do Sul",
        "Epitaciolândia",
        "Feijó",
        "Jordão",
        "Mâncio Lima",
        "Manoel Urbano",
        "Marechal Thaumaturgo",
        "Plácido de Castro",
        "Porto Acre",
        "Porto Walter",
        "Rodrigues Alves",
        "Santa Rosa do Purus",
        "Sena Madureira",
        "Senador Guiomard",
        "Tarauacá",
        "Xapuri"
    ],
    "AL": [
        "Maceió",
        "Água Branca",
        "Anadia",
        "Arapiraca",
        "Atalaia",
        "Barra de Santo Antônio",
        "Barra de São Miguel",
        "Batalha",
        "Belém",
        "Belo Monte",
        "Boca da Mata",
        "Branquinha",
        "Cacimbinhas",
        "Cajueiro",
        "Campestre",
        "Campo Alegre",
        "Canapi",
        "Capela",
        "Carneiros",
        "Chã Preta",
        "Coité do Nóia",
        "Colônia Leopoldina",
        "Coqueiro Seco",
        "Coruripe",
        "Craíbas",
        "Delmiro Gouveia",
        "Dois Riachos",
        "Estrela de Alagoas",
        "Feira Grande",
        "Feliz Deserto",
        "Flexeiras",
        "Girau do Ponciano",
        "Ibateguara",
        "Igaci",
        "Igreja Nova",
        "Inhapi",
        "Jacaré dos Homens",
        "Jacuípe",
        "Japaratinga",
        "Jaramataia",
        "Jequiá da Praia",
        "Joaquim Gomes",
        "Jundiá",
        "Junqueiro",
        "Lagoa da Canoa",
        "Limoeiro de Anadia",
        "Major Isidoro",
        "Mar Vermelho",
        "Maragogi",
        "Maravilha",
        "Marechal Deodoro",
        "Maribondo",
        "Mata Grande",
        "Matriz de Camaragibe",
        "Messias",
        "Minador do Negrão",
        "Monteirópolis",
        "Murici",
        "Novo Lino",
        "Olho d'Água das Flores",
        "Olho d'Água do Casado",
        "Olho d'Água Grande",
        "Olivença",
        "Ouro Branco",
        "Palestina",
        "Palmeira dos Índios",
        "Pão de Açúcar",
        "Paripueira",
        "Passo de Camaragibe",
        "Paulo Jacinto",
        "Penedo",
        "Piaçabuçu",
        "Pilar",
        "Pindoba",
        "Piranhas",
        "Poço das Trincheiras",
        "Porto Calvo",
        "Porto de Pedras",
        "Porto Real do Colégio",
        "Quebrangulo",
        "Rio Largo",
        "Roteiro",
        "Santa Luzia do Norte",
        "Santana do Ipanema",
        "Santana do Mundaú",
        "São Brás",
        "São José da Laje",
        "São José da Tapera",
        "São Luís do Quitunde",
        "São Miguel dos Campos",
        "São Sebastião",
        "Satuba",
        "Senador Rui Palmeira",
        "Tanque d'Arca",
        "Taquarana",
        "Teotônio Vilela",
        "Traipu",
        "União dos Palmares",
        "Viçosa"
    ],
    "AM": [
        "Manaus",
        "Alvarães",
        "Amaturá",
        "Anamã",
        "Anori",
        "Apuí",
        "Atalaia do Norte",
        "Autazes",
        "Barcelos",
        "Benjamin Constant",
        "Beruri",
        "Boa Vista do Ramos",
        "Boca do Acre",
        "Borba",
        "Caapiranga",
        "Canutama",
        "Carauari",
        "Careiro",
        "Careiro da Várzea",
        "Coari",
        "Codajás",
        "Eirunepé",
        "Envira",
        "Fonte Boa",
        "Guajará",
        "Humaitá",
        "Ipixuna",
        "Iranduba",
        "Itacoatiara",
        "Itamarati",
        "Itapiranga",
        "Japurá",
        "Juruá",
        "Jutaí",
        "Lábrea",
        "Manacapuru",
        "Manicoré",
        "Maraã",
        "Maués",
        "Nhamundá",
        "Nova Olinda do Norte",
        "Novo Airão",
        "Novo Aripuanã",
        "Parintins",
        "Pauini",
        "Presidente Figueiredo",
        "Rio Preto da Eva",
        "Santa Isabel do Rio Negro",
        "Santo Antônio do Içá",
        "São Gabriel da Cachoeira",
        "São Paulo de Olivença",
        "São Sebastião do Uatumã",
        "Silves",
        "Tabatinga",
        "Tapauá",
        "Tefé",
        "Tonantins",
        "Uarini",
        "Urucará",
        "Urucurituba"
    ],
    "AP": [
        "Macapá",
        "Amapá",
        "Calçoene",
        "Cutias",
        "Ferreira Gomes",
        "Itaubal",
        "Laranjal do Jari",
        "Mazagão",
        "Oiapoque",
        "Pedra Branca do Amapari",
        "Porto Grande",
        "Pracuúba",
        "Santana",
        "Serra do Navio",
        "Tartarugalzinho",
        "Vitória do Jari"
    ],
    "BA": [
        "Salvador",
        "Acajutiba",
        "Alagoinhas",
        "Aporá",
        "Araças",
        "Aratuípe",
        "Barreiras",
        "Bom Jesus da Lapa",
        "Brumado",
        "Camaçari",
        "Campo Formoso",
        "Candeias",
        "Cardeal da Silva",
        "Casa Nova",
        "Catu",
        "Conceição do Coité",
        "Conde",
        "Crisópolis",
        "Cruz das Almas",
        "Dias d'Ávila",
        "Entre Rios",
        "Esplanada",
        "Euclides da Cunha",
        "Eunápolis",
        "Feira de Santana",
        "Guanambi",
        "Ilhéus",
        "Inhambupe",
        "Ipirá",
        "Irecê",
        "Itaberaba",
        "Itabuna",
        "Itamaraju",
        "Itanagra",
        "Itapetinga",
        "Jacobina",
        "Jandaíra",
        "Jequié",
        "Juazeiro",
        "Lauro de Freitas",
        "Luís Eduardo Magalhães",
        "Madre de Deus",
        "Mata de São João",
        "Ouriçangas",
        "Paulo Afonso",
        "Pedrão",
        "Pojuca",
        "Porto Seguro",
        "Ribeira do Pombal",
        "Rio Real",
        "Ruy Barbosa",
        "Santo Amaro",
        "Santo Antônio de Jesus",
        "São Francisco do Conde",
        "Sátiro Dias",
        "Seabra",
        "Senhor do Bonfim",
        "Serrinha",
        "Simões Filho",
        "Teixeira de Freitas",
        "Valença",
        "Vitória da Conquista"
    ],
    "CE": [
        "Fortaleza",
        "Acaraú",
        "Aquiraz",
        "Aracati",
        "Aracoiaba",
        "Barbalha",
        "Barreira",
        "Baturité",
        "Beberibe",
        "Boa Viagem",
        "Brejo Santo",
        "Camocim",
        "Canindé",
        "Cariré",
        "Cascavel",
        "Caucaia",
        "Chorozinho",
        "Crateús",
        "Crato",
        "Eusébio",
        "Granja",
        "Guaraciaba do Norte",
        "Horizonte",
        "Icó",
        "Iguatu",
        "Itapajé",
        "Itapipoca",
        "Itarema",
        "Jaguaribe",
        "Jaguaruana",
        "Jardim",
        "Juazeiro do Norte",
        "Lavras da Mangabeira",
        "Limoeiro do Norte",
        "Maracanaú",
        "Maranguape",
        "Mauriti",
        "Milagres",
        "Mombaça",
        "Morada Nova",
        "Nova Russas",
        "Ocara",
        "Pacajus",
        "Pacatuba",
        "Paracuru",
        "Paraipaba",
        "Penaforte",
        "Pentecoste",
        "Porteiras",
        "Quixadá",
        "Quixeramobim",
        "Russas",
        "São Gonçalo do Amarante",
        "São Luís do Curu",
        "Senador Pompeu",
        "Sobral",
        "Tauá",
        "Tianguá",
        "Trairi",
        "Tururu",
        "Ubajara",
        "Umirim",
        "Uruburetama",
        "Várzea Alegre",
        "Viçosa do Ceará"
    ],
    "DF": [
        "Brasília"
    ],
    "ES": [
        "Vitória",
        "Afonso Cláudio",
        "Água Doce do Norte",
        "Águia Branca",
        "Alegre",
        "Alto Rio Novo",
        "Anchieta",
        "Apiacá",
        "Aracruz",
        "Atílio Vivácqua",
        "Baixo Guandu",
        "Barra de São Francisco",
        "Boa Esperança",
        "Bom Jesus do Norte",
        "Brejetuba",
        "Cachoeiro de Itapemirim",
        "Cariacica",
        "Castelo",
        "Colatina",
        "Conceição da Barra",
        "Conceição do Castelo",
        "Divino de São Lourenço",
        "Domingos Martins",
        "Dores do Rio Preto",
        "Ecoporanga",
        "Fundão",
        "Governador Lindenberg",
        "Guaçuí",
        "Guarapari",
        "Ibatiba",
        "Ibiraçu",
        "Ibitirama",
        "Iconha",
        "Irupi",
        "Itaguaçu",
        "Itapemirim",
        "Itarana",
        "Iúna",
        "Jaguaré",
        "Jerônimo Monteiro",
        "João Neiva",
        "Laranja da Terra",
        "Linhares",
        "Mantenópolis",
        "Marataízes",
        "Marechal Floriano",
        "Marilândia",
        "Mimoso do Sul",
        "Montanha",
        "Mucurici",
        "Muniz Freire",
        "Muqui",
        "Nova Venécia",
        "Pancas",
        "Pedro Canário",
        "Pinheiros",
        "Piúma",
        "Ponto Belo",
        "Presidente Kennedy",
        "Rio Bananal",
        "Rio Novo do Sul",
        "Santa Leopoldina",
        "Santa Maria de Jetibá",
        "Santa Teresa",
        "São Domingos do Norte",
        "São Gabriel da Palha",
        "São José do Calçado",
        "São Mateus",
        "São Roque do Canaã",
        "Serra",
        "Sooretama",
        "Vargem Alta",
        "Venda Nova do Imigrante",
        "Viana",
        "Vila Pavão",
        "Vila Valério",
        "Vila Velha"
    ],
    "GO": [
        "Goiânia",
        "Abadia de Goiás",
        "Abadiânia",
        "Acreúna",
        "Águas Lindas de Goiás",
        "Alexânia",
        "Anápolis",
        "Aparecida de Goiânia",
        "Aragoiânia",
        "Bela Vista de Goiás",
        "Bom Jesus de Goiás",
        "Bonfinópolis",
        "Brazabrantes",
        "Cachoeira de Goiás",
        "Cachoeira Dourada",
        "Caldas Novas",
        "Caldazinha",
        "Campos Belos",
        "Catalão",
        "Caturaí",
        "Ceres",
        "Cidade Ocidental",
        "Corumbá de Goiás",
        "Cristalina",
        "Cristianópolis",
        "Cromínia",
        "Damolândia",
        "Edéia",
        "Firminópolis",
        "Formosa",
        "Gameleira de Goiás",
        "Goianápolis",
        "Goianésia",
        "Goiás",
        "Guapó",
        "Hidrolândia",
        "Inhumas",
        "Ipameri",
        "Iporá",
        "Itapuranga",
        "Itumbiara",
        "Jaraguá",
        "Jataí",
        "Leopoldo de Bulhões",
        "Luziânia",
        "Mairipotaba",
        "Minaçu",
        "Mineiros",
        "Morrinhos",
        "Nerópolis",
        "Niquelândia",
        "Novo Gama",
        "Orizona",
        "Padre Bernardo",
        "Palmeiras de Goiás",
        "Palmelo",
        "Piracanjuba",
        "Pirenópolis",
        "Pires do Rio",
        "Planaltina",
        "Pontalina",
        "Porangatu",
        "Posse",
        "Professor Jamil",
        "Quirinópolis",
        "Rio Verde",
        "Santo Antônio de Goiás",
        "Santo Antônio do Descoberto",
        "São Miguel do Araguaia",
        "Senador Canedo",
        "Silvânia",
        "Terezópolis de Goiás",
        "Trindade",
        "Uruaçu",
        "Valparaíso de Goiás",
        "Varjão",
        "Vianópolis"
    ],
    "MA": [
        "São Luís",
        "Açailândia",
        "Açu",
        "Araioses",
        "Arari",
        "Bacabal",
        "Balsas",
        "Barra do Corda",
        "Barreirinhas",
        "Brejo",
        "Buriti Bravo",
        "Carolina",
        "Caxias",
        "Chapadinha",
        "Codó",
        "Coelho Neto",
        "Colinas",
        "Coroatá",
        "Cururupu",
        "Dom Pedro",
        "Governador Nunes Freire",
        "Grajaú",
        "Imperatriz",
        "Itapecuru Mirim",
        "Lago da Pedra",
        "Mirador",
        "Paço do Lumiar",
        "Pedreiras",
        "Pinheiro",
        "Porto Franco",
        "Presidente Dutra",
        "Rosário",
        "Santa Inês",
        "São Bento",
        "São José de Ribamar",
        "São Mateus do Maranhão",
        "Timon",
        "Tuntum",
        "Tutóia",
        "Urbano Santos",
        "Vargem Grande",
        "Viana",
        "Vitória do Mearim",
        "Zé Doca"
    ],
    "MG": [
        "Belo Horizonte",
        "Araguari",
        "Araxá",
        "Barbacena",
        "Betim",
        "Cataguases",
        "Conselheiro Lafaiete",
        "Contagem",
        "Coronel Fabriciano",
        "Curvelo",
        "Divinópolis",
        "Esmeraldas",
        "Formiga",
        "Frutal",
        "Governador Valadares",
        "Ibirité",
        "Ipatinga",
        "Itabira",
        "Itajubá",
        "Itaúna",
        "Ituiutaba",
        "Janaúba",
        "Januária",
        "João Monlevade",
        "Juiz de Fora",
        "Lavras",
        "Manhuaçu",
        "Montes Claros",
        "Muriaé",
        "Nova Lima",
        "Nova Serrana",
        "Ouro Preto",
        "Pará de Minas",
        "Paracatu",
        "Passos",
        "Patos de Minas",
        "Patrocínio",
        "Poços de Caldas",
        "Ponte Nova",
        "Pouso Alegre",
        "Ribeirão das Neves",
        "Sabará",
        "Santa Luzia",
        "São Francisco",
        "São João del Rei",
        "São Sebastião do Paraíso",
        "Sete Lagoas",
        "Teófilo Otoni",
        "Timóteo",
        "Três Corações",
        "Três Pontas",
        "Uberaba",
        "Uberlândia",
        "Varginha",
        "Viçosa"
    ],
    "MS": [
        "Campo Grande",
        "Água Clara",
        "Amambai",
        "Anastácio",
        "Angélica",
        "Aparecida do Taboado",
        "Aquidauana",
        "Bataguassu",
        "Bela Vista",
        "Bonito",
        "Brasilândia",
        "Caarapó",
        "Cassilândia",
        "Chapadão do Sul",
        "Corumbá",
        "Costa Rica",
        "Coxim",
        "Dois Irmãos do Buriti",
        "Dourados",
        "Fátima do Sul",
        "Guia Lopes da Laguna",
        "Iguatemi",
        "Itaporã",
        "Itaquiraí",
        "Jardim",
        "Juti",
        "Ladário",
        "Maracaju",
        "Miranda",
        "Naviraí",
        "Nova Andradina",
        "Paranaíba",
        "Ponta Porã",
        "Porto Murtinho",
        "Ribas do Rio Pardo",
        "Rio Brilhante",
        "Rio Negro",
        "São Gabriel do Oeste",
        "Sidrolândia",
        "Terenos",
        "Três Lagoas"
    ],
    "MT": [
        "Cuiabá",
        "Água Boa",
        "Alta Floresta",
        "Alto Araguaia",
        "Alto Boa Vista",
        "Alto Garças",
        "Alto Paraguai",
        "Alto Taquari",
        "Apiacás",
        "Araputanga",
        "Arenápolis",
        "Aripuanã",
        "Barão de Melgaço",
        "Barra do Bugres",
        "Barra do Garças",
        "Brasnorte",
        "Cáceres",
        "Campo Novo do Parecis",
        "Campo Verde",
        "Campos de Júlio",
        "Canabrava do Norte",
        "Canarana",
        "Carlinda",
        "Castanheira",
        "Chapada dos Guimarães",
        "Cláudia",
        "Cocalinho",
        "Colíder",
        "Comodoro",
        "Confresa",
        "Conquista D'Oeste",
        "Cotriguaçu",
        "Curvelândia",
        "Diamantino",
        "Guarantã do Norte",
        "Juara",
        "Juína",
        "Lucas do Rio Verde",
        "Matupá",
        "Mirassol d'Oeste",
        "Nova Mutum",
        "Nova Ubiratã",
        "Nova Xavantina",
        "Paranatinga",
        "Peixoto de Azevedo",
        "Poconé",
        "Pontes e Lacerda",
        "Primavera do Leste",
        "Rondonópolis",
        "São José dos Quatro Marcos",
        "Sapezal",
        "Sinop",
        "Sorriso",
        "Tangará da Serra",
        "Várzea Grande"
    ],
    "PA": [
        "Belém",
        "Abaetetuba",
        "Altamira",
        "Ananindeua",
        "Augusto Corrêa",
        "Aveiro",
        "Barcarena",
        "Benevides",
        "Bragança",
        "Brasil Novo",
        "Breu Branco",
        "Breves",
        "Cametá",
        "Capanema",
        "Castanhal",
        "Concórdia do Pará",
        "Curuçá",
        "Dom Eliseu",
        "Goianésia do Pará",
        "Igarapé-Miri",
        "Itaituba",
        "Itupiranga",
        "Marabá",
        "Marituba",
        "Medicilândia",
        "Mocajuba",
        "Moju",
        "Mojuí dos Campos",
        "Novo Progresso",
        "Novo Repartimento",
        "Oriximiná",
        "Pacajá",
        "Paragominas",
        "Parauapebas",
        "Portel",
        "Prainha",
        "Quatipuru",
        "Redenção",
        "Rondon do Pará",
        "Rurópolis",
        "Salinópolis",
        "Salvaterra",
        "Santarém",
        "São Félix do Xingu",
        "São Miguel do Guamá",
        "Senador José Porfírio",
        "Soure",
        "Tailândia",
        "Tomé-Açu",
        "Tucuruí",
        "Ulianópolis",
        "Uruará",
        "Vigia",
        "Viseu",
        "Xinguara"
    ],
    "PB": [
        "João Pessoa",
        "Alagoa Grande",
        "Alagoa Nova",
        "Alagoinha",
        "Alhandra",
        "Araruna",
        "Areia",
        "Bananeiras",
        "Bayeux",
        "Belém",
        "Brejo do Cruz",
        "Caaporã",
        "Cabedelo",
        "Caiçara",
        "Cajazeiras",
        "Campina Grande",
        "Catolé do Rocha",
        "Conceição",
        "Conde",
        "Cuité",
        "Esperança",
        "Guarabira",
        "Gurinhém",
        "Ingá",
        "Itabaiana",
        "Itaporanga",
        "Itapororoca",
        "Lagoa de Dentro",
        "Lagoa Seca",
        "Lucena",
        "Mamanguape",
        "Mari",
        "Mataraca",
        "Monteiro",
        "Patos",
        "Pedras de Fogo",
        "Piancó",
        "Picuí",
        "Pitimbu",
        "Pombal",
        "Princesa Isabel",
        "Queimadas",
        "Remígio",
        "Rio Tinto",
        "Santa Rita",
        "São Bento",
        "Sapé",
        "Solânea",
        "Sousa",
        "Sumé",
        "Taperoá",
        "Umbuzeiro"
    ],
    "PE": [
        "Recife",
        "Abreu e Lima",
        "Afogados da Ingazeira",
        "Araripina",
        "Arcoverde",
        "Belo Jardim",
        "Bezerros",
        "Cabo de Santo Agostinho",
        "Camaragibe",
        "Carpina",
        "Caruaru",
        "Escada",
        "Garanhuns",
        "Goiana",
        "Gravatá",
        "Igarassu",
        "Ipojuca",
        "Jaboatão dos Guararapes",
        "Limoeiro",
        "Olinda",
        "Ouricuri",
        "Palmares",
        "Paulista",
        "Pesqueira",
        "Petrolina",
        "Salgueiro",
        "Santa Cruz do Capibaribe",
        "São José do Egito",
        "São Lourenço da Mata",
        "Serra Talhada",
        "Surubim",
        "Timbaúba",
        "Vitória de Santo Antão"
    ],
    "PI": [
        "Teresina",
        "Água Branca",
        "Altos",
        "Amarante",
        "Barras",
        "Batalha",
        "Beneditinos",
        "Bocaina",
        "Bom Jesus",
        "Buriti dos Lopes",
        "Campo Maior",
        "Canto do Buriti",
        "Castelo do Piauí",
        "Cocal",
        "Corrente",
        "Cristino Castro",
        "Demerval Lobão",
        "Dom Expedito Lopes",
        "Elesbão Veloso",
        "Esperantina",
        "Floriano",
        "Fronteiras",
        "Gilbués",
        "Itainópolis",
        "José de Freitas",
        "Luís Correia",
        "Luzilândia",
        "Miguel Alves",
        "Milton Brandão",
        "Monsenhor Gil",
        "Oeiras",
        "Parnaíba",
        "Paulistana",
        "Pedro II",
        "Picos",
        "Piracuruca",
        "Piripiri",
        "Porto",
        "Regeneração",
        "Santa Cruz do Piauí",
        "São João da Canabrava",
        "São Miguel do Tapuio",
        "São Raimundo Nonato",
        "Simplício Mendes",
        "União",
        "Uruçuí",
        "Valença do Piauí"
    ],
    "PR": [
        "Curitiba",
        "Almirante Tamandaré",
        "Apucarana",
        "Arapongas",
        "Araucária",
        "Cambé",
        "Campo Largo",
        "Cascavel",
        "Colombo",
        "Dois Vizinhos",
        "Fazenda Rio Grande",
        "Foz do Iguaçu",
        "Francisco Beltrão",
        "Guarapuava",
        "Irati",
        "Londrina",
        "Maringá",
        "Paranaguá",
        "Paranavaí",
        "Pato Branco",
        "Pinhais",
        "Piraquara",
        "Ponta Grossa",
        "Rolândia",
        "São José dos Pinhais",
        "Sarandi",
        "Telêmaco Borba",
        "Toledo",
        "Umuarama",
        "União da Vitória"
    ],
    "RJ": [
        "Rio de Janeiro",
        "Angra dos Reis",
        "Aperibé",
        "Araruama",
        "Barra do Piraí",
        "Barra Mansa",
        "Belford Roxo",
        "Cabo Frio",
        "Cachoeiras de Macacu",
        "Campos dos Goytacazes",
        "Carapebus",
        "Casimiro de Abreu",
        "Duas Barras",
        "Duque de Caxias",
        "Guapimirim",
        "Iguaba Grande",
        "Itaboraí",
        "Itaguaí",
        "Itaperuna",
        "Itatiaia",
        "Japeri",
        "Macaé",
        "Magé",
        "Mangaratiba",
        "Maricá",
        "Mesquita",
        "Miguel Pereira",
        "Nilópolis",
        "Niterói",
        "Nova Friburgo",
        "Nova Iguaçu",
        "Paracambi",
        "Paraíba do Sul",
        "Petrópolis",
        "Queimados",
        "Resende",
        "Rio Bonito",
        "Rio das Ostras",
        "São Gonçalo",
        "São João de Meriti",
        "São Pedro da Aldeia",
        "Saquarema",
        "Seropédica",
        "Tanguá",
        "Teresópolis",
        "Três Rios",
        "Valença",
        "Volta Redonda"
    ],
    "RN": [
        "Natal",
        "Acari",
        "Alexandria",
        "Angicos",
        "Apodi",
        "Areia Branca",
        "Assu",
        "Baraúna",
        "Caicó",
        "Canguaretama",
        "Caraúbas",
        "Carnaubais",
        "Ceará-Mirim",
        "Currais Novos",
        "Extremoz",
        "Felipe Guerra",
        "Goianinha",
        "Grossos",
        "Guamaré",
        "Ipanguaçu",
        "Jardim de Piranhas",
        "João Câmara",
        "Jucurutu",
        "Macaíba",
        "Macau",
        "Mossoró",
        "Nísia Floresta",
        "Nova Cruz",
        "Parelhas",
        "Parnamirim",
        "Pau dos Ferros",
        "Pedra Grande",
        "Pendências",
        "Santa Cruz",
        "Santo Antônio",
        "São Gonçalo do Amarante",
        "São José de Mipibu",
        "São Paulo do Potengi",
        "Tangará",
        "Touros",
        "Upanema"
    ],
    "RO": [
        "Porto Velho",
        "Alto Alegre dos Parecis",
        "Alvorada D'Oeste",
        "Ariquemes",
        "Buritis",
        "Cacaulândia",
        "Cacoal",
        "Campo Novo de Rondônia",
        "Candeias do Jamari",
        "Cerejeiras",
        "Chupinguaia",
        "Colorado do Oeste",
        "Costa Marques",
        "Cujubim",
        "Espigão D'Oeste",
        "Governador Jorge Teixeira",
        "Guajará-Mirim",
        "Jaru",
        "Ji-Paraná",
        "Machadinho D'Oeste",
        "Ministro Andreazza",
        "Mirante da Serra",
        "Monte Negro",
        "Nova Brasilândia D'Oeste",
        "Nova Mamoré",
        "Ouro Preto do Oeste",
        "Pimenta Bueno",
        "Presidente Médici",
        "Primavera de Rondônia",
        "Rolim de Moura",
        "São Felipe D'Oeste",
        "São Miguel do Guaporé",
        "Teixeirópolis",
        "Urupá",
        "Vilhena"
    ],
    "RR": [
        "Boa Vista",
        "Alto Alegre",
        "Amajari",
        "Bonfim",
        "Cantá",
        "Caracaraí",
        "Caroebe",
        "Iracema",
        "Mucajaí",
        "Normandia",
        "Pacaraima",
        "Rorainópolis",
        "São João da Baliza",
        "São Luiz",
        "Uiramutã"
    ],
    "RS": [
        "Porto Alegre",
        "Alegrete",
        "Alvorada",
        "Bagé",
        "Bento Gonçalves",
        "Cachoeira do Sul",
        "Cachoeirinha",
        "Camaquã",
        "Campo Bom",
        "Canoas",
        "Carazinho",
        "Caxias do Sul",
        "Cruz Alta",
        "Erechim",
        "Esteio",
        "Farroupilha",
        "Gravataí",
        "Guaíba",
        "Ijuí",
        "Lajeado",
        "Marau",
        "Montenegro",
        "Novo Hamburgo",
        "Passo Fundo",
        "Pelotas",
        "Rio Grande",
        "Santa Cruz do Sul",
        "Santa Maria",
        "Santa Rosa",
        "Santana do Livramento",
        "Santiago",
        "Santo Ângelo",
        "São Borja",
        "São Gabriel",
        "São Leopoldo",
        "Sapiranga",
        "Sapucaia do Sul",
        "Taquara",
        "Uruguaiana",
        "Vacaria",
        "Venâncio Aires",
        "Viamão"
    ],
    "SC": [
        "Florianópolis",
        "Araquari",
        "Araranguá",
        "Balneário Camboriú",
        "Barra Velha",
        "Biguaçu",
        "Blumenau",
        "Brusque",
        "Caçador",
        "Camboriú",
        "Campos Novos",
        "Canoinhas",
        "Capivari de Baixo",
        "Chapecó",
        "Concórdia",
        "Criciúma",
        "Curitibanos",
        "Fraiburgo",
        "Gaspar",
        "Guaramirim",
        "Içara",
        "Imbituba",
        "Indaial",
        "Itajaí",
        "Itapema",
        "Jaraguá do Sul",
        "Joaçaba",
        "Joinville",
        "Lages",
        "Laguna",
        "Mafra",
        "Navegantes",
        "Palhoça",
        "Penha",
        "Pomerode",
        "Porto Belo",
        "Rio do Sul",
        "Rio Negrinho",
        "São Bento do Sul",
        "São Francisco do Sul",
        "São José",
        "Tangará",
        "Tijucas",
        "Timbó",
        "Trombudo Central",
        "Tubarão",
        "Videira"
    ],
    "SE": [
        "Aracaju",
        "Amparo do São Francisco  ",
        "Aquidabã",
        "Arauá",
        "Barra dos Coqueiros",
        "Boquim",
        "Brejo Grande",
        "Canindé de São Francisco",
        "Capela",
        "Carmópolis",
        "Cristinápolis",
        "Cumbe",
        "Divina Pastora",
        "Estância",
        "Frei Paulo",
        "Gararu",
        "General Maynard",
        "Indiaroba",
        "Itabaiana",
        "Itabaianinha",
        "Japaratuba",
        "Japoatã",
        "Lagarto",
        "Laranjeiras",
        "Maruim",
        "Neópolis",
        "Nossa Senhora da Glória",
        "Nossa Senhora das Dores",
        "Nossa Senhora do Socorro",
        "Pacatuba",
        "Pirambu",
        "Poço Redondo",
        "Poço Verde",
        "Porto da Folha",
        "Propriá",
        "Riachuelo",
        "Ribeirópolis",
        "Rosário do Catete",
        "Salgado",
        "Santana do São Francisco",
        "Santo Amaro das Brotas",
        "São Cristóvão",
        "Simão Dias",
        "Siriri",
        "Telha",
        "Tobias Barreto",
        "Tomar do Geru",
        "Umbaúba"
    ],
    "SP": [
        "São Paulo",
        "Adamantina",
        "Adolfo",
        "Aguaí",
        "Águas da Prata",
        "Águas de Lindóia",
        "Águas de Santa Bárbara",
        "Águas de São Pedro",
        "Agudos",
        "Alambari",
        "Alfredo Marcondes",
        "Altair",
        "Altinópolis",
        "Alto Alegre",
        "Alumínio",
        "Álvares Florence",
        "Álvares Machado",
        "Álvaro de Carvalho",
        "Alvinlândia",
        "Americana",
        "Américo Brasiliense",
        "Américo de Campos",
        "Amparo",
        "Analândia",
        "Andradina",
        "Angatuba",
        "Anhembi",
        "Anhumas",
        "Aparecida",
        "Aparecida d'Oeste",
        "Apiaí",
        "Araçariguama",
        "Araçatuba",
        "Araçoiaba da Serra",
        "Aramina",
        "Arandu",
        "Arapeí",
        "Araraquara",
        "Araras",
        "Arco-Íris",
        "Arealva",
        "Areias",
        "Areiópolis",
        "Ariranha",
        "Artur Nogueira",
        "Arujá",
        "Aspásia",
        "Assis",
        "Atibaia",
        "Auriflama",
        "Avaí",
        "Avanhandava",
        "Avaré",
        "Bady Bassitt",
        "Balbinos",
        "Bálsamo",
        "Bananal",
        "Barão de Antonina",
        "Barbosa",
        "Bariri",
        "Barra Bonita",
        "Barra do Chapéu",
        "Barra do Turvo",
        "Barretos",
        "Barrinha",
        "Barueri",
        "Bastos",
        "Batatais",
        "Bauru",
        "Bebedouro",
        "Bento de Abreu",
        "Bernardino de Campos",
        "Bertioga",
        "Bilac",
        "Birigui",
        "Biritiba-Mirim",
        "Boa Esperança do Sul",
        "Bocaina",
        "Bofete",
        "Boituva",
        "Bom Jesus dos Perdões",
        "Bom Sucesso de Itararé",
        "Borá",
        "Boracéia",
        "Borborema",
        "Borebi",
        "Botucatu",
        "Bragança Paulista",
        "Braúna",
        "Brejo Alegre",
        "Brodowski",
        "Brotas",
        "Buri",
        "Buritama",
        "Buritizal",
        "Cabrália Paulista",
        "Cabreúva",
        "Caçapava",
        "Cachoeira Paulista",
        "Caconde",
        "Cafelândia",
        "Caiabu",
        "Caieiras",
        "Caiuá",
        "Cajamar",
        "Cajati",
        "Cajobi",
        "Cajuru",
        "Campina do Monte Alegre",
        "Campinas",
        "Campo Limpo Paulista",
        "Campos do Jordão",
        "Campos Novos Paulista",
        "Cananéia",
        "Canas",
        "Cândido Mota",
        "Cândido Rodrigues",
        "Canitar",
        "Capão Bonito",
        "Capela do Alto",
        "Capivari",
        "Caraguatatuba",
        "Carapicuíba",
        "Cardoso",
        "Casa Branca",
        "Cássia dos Coqueiros",
        "Castilho",
        "Catanduva",
        "Catiguá",
        "Cedral",
        "Cerqueira César",
        "Cerquilho",
        "Cesário Lange",
        "Charqueada",
        "Chavantes",
        "Clementina",
        "Colina",
        "Colômbia",
        "Conchal",
        "Conchas",
        "Cordeirópolis",
        "Coroados",
        "Coronel Macedo",
        "Corumbataí",
        "Cosmópolis",
        "Cosmorama",
        "Cotia",
        "Cravinhos",
        "Cristais Paulista",
        "Cruzália",
        "Cruzeiro",
        "Cubatão",
        "Cunha",
        "Descalvado",
        "Diadema",
        "Dirce Reis",
        "Divinolândia",
        "Dobrada",
        "Dois Córregos",
        "Dolcinópolis",
        "Dourado",
        "Dracena",
        "Duartina",
        "Dumont",
        "Echaporã",
        "Eldorado",
        "Elias Fausto",
        "Elisiário",
        "Embaúba",
        "Embu das Artes",
        "Embu-Guaçu",
        "Emilianópolis",
        "Engenheiro Coelho",
        "Espírito Santo do Pinhal",
        "Espírito Santo do Turvo",
        "Estiva Gerbi",
        "Estrela d'Oeste",
        "Estrela do Norte",
        "Euclides da Cunha Paulista",
        "Fartura",
        "Fernando Prestes",
        "Fernandópolis",
        "Fernão",
        "Ferraz de Vasconcelos",
        "Flora Rica",
        "Floreal",
        "Flórida Paulista",
        "Florínia",
        "Franca",
        "Francisco Morato",
        "Franco da Rocha",
        "Gabriel Monteiro",
        "Gália",
        "Garça",
        "Gastão Vidigal",
        "Gavião Peixoto",
        "General Salgado",
        "Getulina",
        "Glicério",
        "Guaiçara",
        "Guaimbê",
        "Guaíra",
        "Guapiaçu",
        "Guapiara",
        "Guará",
        "Guaraçaí",
        "Guaraci",
        "Guarani d'Oeste",
        "Guarantã",
        "Guararapes",
        "Guararema",
        "Guaratinguetá",
        "Guareí",
        "Guariba",
        "Guarujá",
        "Guarulhos",
        "Guatapará",
        "Guzolândia",
        "Herculândia",
        "Holambra",
        "Hortolândia",
        "Iacanga",
        "Iacri",
        "Iaras",
        "Ibaté",
        "Ibirá",
        "Ibirarema",
        "Ibitinga",
        "Ibiúna",
        "Icém",
        "Iepê",
        "Igaraçu do Tietê",
        "Igarapava",
        "Igaratá",
        "Iguape",
        "Ilha Comprida",
        "Ilha Solteira",
        "Ilhabela",
        "Indaiatuba",
        "Indiana",
        "Indiaporã",
        "Inúbia Paulista",
        "Ipauçu",
        "Iperó",
        "Ipeúna",
        "Ipiguá",
        "Iporanga",
        "Ipuã",
        "Iracemápolis",
        "Irapuã",
        "Irapuru",
        "Itaberá",
        "Itaí",
        "Itajobi",
        "Itaju",
        "Itanhaém",
        "Itaóca",
        "Itapecerica da Serra",
        "Itapetininga",
        "Itapeva",
        "Itapevi",
        "Itapira",
        "Itapirapuã Paulista",
        "Itápolis",
        "Itaporanga",
        "Itapuí",
        "Itapura",
        "Itaquaquecetuba",
        "Itararé",
        "Itariri",
        "Itatiba",
        "Itatinga",
        "Itirapina",
        "Itirapuã",
        "Itobi",
        "Itu",
        "Itupeva",
        "Ituverava",
        "Jaborandi",
        "Jaboticabal",
        "Jacareí",
        "Jaci",
        "Jacupiranga",
        "Jaguariúna",
        "Jales",
        "Jambeiro",
        "Jandira",
        "Jardinópolis",
        "Jarinu",
        "Jaú",
        "Jeriquara",
        "Joanópolis",
        "João Ramalho",
        "José Bonifácio",
        "Júlio Mesquita",
        "Jumirim",
        "Jundiaí",
        "Junqueirópolis",
        "Juquiá",
        "Juquitiba",
        "Lagoinha",
        "Laranjal Paulista",
        "Lavínia",
        "Lavrinhas",
        "Leme",
        "Lençóis Paulista",
        "Limeira",
        "Lindóia",
        "Lins",
        "Lorena",
        "Lourdes",
        "Louveira",
        "Lucélia",
        "Lucianópolis",
        "Luís Antônio",
        "Luiziânia",
        "Lupércio",
        "Lutécia",
        "Macatuba",
        "Macaubal",
        "Macedônia",
        "Magda",
        "Mairinque",
        "Mairiporã",
        "Mandonça",
        "Manduri",
        "Marabá Paulista",
        "Maracaí",
        "Marapoama",
        "Mariápolis",
        "Marília",
        "Marinópolis",
        "Martinópolis",
        "Matão",
        "Mauá",
        "Mendonça",
        "Meridiano",
        "Mesópolis",
        "Miguelópolis",
        "Mineiros do Tietê",
        "Mira Estrela",
        "Miracatu",
        "Mirandópolis",
        "Mirante do Paranapanema",
        "Mirassol",
        "Mirassolândia",
        "Mococa",
        "Mogi das Cruzes",
        "Mogi Guaçu",
        "Mogi Mirim",
        "Mombuca",
        "Monções",
        "Mongaguá",
        "Monte Alegre do Sul",
        "Monte Alto",
        "Monte Aprazível",
        "Monte Azul Paulista",
        "Monte Castelo",
        "Monte Mor",
        "Monteiro Lobato",
        "Morro Agudo",
        "Morungaba",
        "Motuca",
        "Murutinga do Sul",
        "Nantes",
        "Narandiba",
        "Natividade da Serra",
        "Nazaré Paulista",
        "Neves Paulista",
        "Nhandeara",
        "Nipoã",
        "Nova Aliança",
        "Nova Campina",
        "Nova Canaã Paulista",
        "Nova Castilho",
        "Nova Europa",
        "Nova Granada",
        "Nova Guataporanga",
        "Nova Independência",
        "Nova Luzitânia",
        "Nova Odessa",
        "Nova Vigor",
        "Novo Horizonte",
        "Nuporanga",
        "Ocauçu",
        "Óleo",
        "Olímpia",
        "Onda Verde",
        "Oriente",
        "Orindiúva",
        "Orlândia",
        "Osasco",
        "Oscar Bressane",
        "Osvaldo Cruz",
        "Ourinhos",
        "Ouro Verde",
        "Ouroeste",
        "Pacaembu",
        "Palestina",
        "Palmares Paulista",
        "Palmeira d'Oeste",
        "Palmital",
        "Panorama",
        "Paraguaçu Paulista",
        "Paraibuna",
        "Paraíso",
        "Paranapanema",
        "Paranapuã",
        "Parapuã",
        "Pardinho",
        "Pariquera-Açu",
        "Parisi",
        "Patrocínio Paulista",
        "Paulicéia",
        "Paulínia",
        "Paulistânia",
        "Paulo de Faria",
        "Pederneiras",
        "Pedra Bela",
        "Pedranópolis",
        "Pedregulho",
        "Pedreira",
        "Pedrinhas Paulista",
        "Pedro de Toledo",
        "Penápolis",
        "Pereira Barreto",
        "Pereiras",
        "Peruíbe",
        "Piacatu",
        "Piedade",
        "Pilar do Sul",
        "Pindamonhangaba",
        "Pindorama",
        "Pinhalzinho",
        "Piquerobi",
        "Piquete",
        "Piracaia",
        "Piracicaba",
        "Piraju",
        "Pirajuí",
        "Pirangi",
        "Pirapora do Bom Jesus",
        "Pirapozinho",
        "Pirassununga",
        "Piratininga",
        "Pitangueiras",
        "Planalto",
        "Platina",
        "Poá",
        "Poloni",
        "Pompéia",
        "Pongaí",
        "Pontal",
        "Pontalinda",
        "Pontes Gestal",
        "Populina",
        "Porangaba",
        "Porto Feliz",
        "Porto Ferreira",
        "Potim",
        "Potirendaba",
        "Pracinha",
        "Pradópolis",
        "Praia Grande",
        "Pratânia",
        "Presidente Alves",
        "Presidente Bernardes",
        "Presidente Epitácio",
        "Presidente Prudente",
        "Presidente Venceslau",
        "Promissão",
        "Quadra",
        "Quatá",
        "Queiroz",
        "Queluz",
        "Quintana",
        "Rafard",
        "Rancharia",
        "Redenção da Serra",
        "Regente Feijó",
        "Reginópolis",
        "Registro",
        "Restinga",
        "Ribeira",
        "Ribeirão Bonito",
        "Ribeirão Branco",
        "Ribeirão Corrente",
        "Ribeirão do Sul",
        "Ribeirão dos Índios",
        "Ribeirão Grande",
        "Ribeirão Pires",
        "Ribeirão Preto",
        "Rifaina",
        "Rincão",
        "Rinópolis",
        "Rio Claro",
        "Rio das Pedras",
        "Rio Grande da Serra",
        "Riolândia",
        "Riversul",
        "Rosana",
        "Roseira",
        "Rubiácea",
        "Rubinéia",
        "Sabino",
        "Sagres",
        "Sales",
        "Sales Oliveira",
        "Salesópolis",
        "Salmourão",
        "Saltinho",
        "Salto",
        "Salto de Pirapora",
        "Salto Grande",
        "Sandovalina",
        "Santa Adélia",
        "Santa Albertina",
        "Santa Bárbara d'Oeste",
        "Santa Branca",
        "Santa Clara d'Oeste",
        "Santa Cruz da Conceição",
        "Santa Cruz da Esperança",
        "Santa Cruz das Palmeiras",
        "Santa Cruz do Rio Pardo",
        "Santa Ernestina",
        "Santa Fé do Sul",
        "Santa Gertrudes",
        "Santa Isabel",
        "Santa Lúcia",
        "Santa Maria da Serra",
        "Santa Mercedes",
        "Santa Rita d'Oeste",
        "Santa Rita do Passa Quatro",
        "Santa Rosa de Viterbo",
        "Santa Salete",
        "Santana da Ponte Pensa",
        "Santana de Parnaíba",
        "Santo Anastácio",
        "Santo André",
        "Santo Antônio da Alegria",
        "Santo Antônio de Posse",
        "Santo Antônio do Aracanguá",
        "Santo Antônio do Jardim",
        "Santo Antônio do Pinhal",
        "Santo Expedito",
        "Santópolis do Aguapeí",
        "Santos",
        "São Bento do Sapucaí",
        "São Bernardo do Campo",
        "São Caetano do Sul",
        "São Carlos",
        "São Francisco",
        "São João da Boa Vista",
        "São João das Duas Pontes",
        "São João de Iracema",
        "São João do Pau d'Alho",
        "São Joaquim da Barra",
        "São José da Bela Vista",
        "São José do Barreiro",
        "São José do Rio Pardo",
        "São José do Rio Preto",
        "São José dos Campos",
        "São Lourenço da Serra",
        "São Luís do Paraitinga",
        "São Manuel",
        "São Miguel Arcanjo",
        "São Pedro",
        "São Pedro do Turvo",
        "São Roque",
        "São Sebastião",
        "São Sebastião da Grama",
        "São Simão",
        "São Vicente",
        "Sarapuí",
        "Sarutaiá",
        "Sebastianópolis do Sul",
        "Serra Azul",
        "Serra Negra",
        "Serrana",
        "Sertãozinho",
        "Sete Barras",
        "Severínia",
        "Silveiras",
        "Socorro",
        "Sorocaba",
        "Sud Mennucci",
        "Sumaré",
        "Suzanápolis",
        "Suzano",
        "Tabapuã",
        "Tabatinga",
        "Taboão da Serra",
        "Taciba",
        "Taguaí",
        "Taiaçu",
        "Taiúva",
        "Tambaú",
        "Tanabi",
        "Tapiraí",
        "Tapiratiba",
        "Taquaral",
        "Taquaritinga",
        "Taquarituba",
        "Taquarivaí",
        "Tarabai",
        "Tarumã",
        "Tatuí",
        "Taubaté",
        "Tejupá",
        "Teodoro Sampaio",
        "Terra Roxa",
        "Tietê",
        "Timburi",
        "Torre de Pedra",
        "Torrinha",
        "Trabiju",
        "Tremembé",
        "Três Fronteiras",
        "Tuiuti",
        "Tupã",
        "Tupi Paulista",
        "Turiúba",
        "Turmalina",
        "Ubarana",
        "Ubatuba",
        "Ubirajara",
        "Uchoa",
        "União Paulista",
        "Urânia",
        "Uru",
        "Urupês",
        "Valentim Gentil",
        "Valinhos",
        "Valparaíso",
        "Vargem",
        "Vargem Grande do Sul",
        "Vargem Grande Paulista",
        "Várzea Paulista",
        "Vera Cruz",
        "Vinhedo",
        "Viradouro",
        "Vista Alegre do Alto",
        "Vitória Brasil",
        "Votorantim",
        "Votuporanga",
        "Zacarias"
    ],
    "TO": [
        "Palmas",
        "Alvorada",
        "Aragominas",
        "Araguacema",
        "Araguaçu",
        "Araguaína",
        "Araguanã",
        "Araguatins",
        "Arraias",
        "Augustinópolis",
        "Aurora do Tocantins",
        "Axixá do Tocantins",
        "Babaçulândia",
        "Bandeirantes do Tocantins",
        "Barra do Ouro",
        "Barrolândia",
        "Bernardo Sayão",
        "Bom Jesus do Tocantins",
        "Brasilândia do Tocantins",
        "Brejinho de Nazaré",
        "Buriti do Tocantins",
        "Cachoeirinha",
        "Campos Lindos",
        "Cariri do Tocantins",
        "Carmolândia",
        "Carrasco Bonito",
        "Caseara",
        "Centenário",
        "Chapada da Natividade",
        "Chapada de Areia",
        "Colinas do Tocantins",
        "Colméia",
        "Combinado",
        "Conceição do Tocantins",
        "Couto Magalhães",
        "Cristalândia",
        "Crixás do Tocantins",
        "Darcinópolis",
        "Dianópolis",
        "Dois Irmãos do Tocantins",
        "Dueré",
        "Esperantina",
        "Fátima",
        "Figueirópolis",
        "Filadélfia",
        "Formoso do Araguaia",
        "Goianorte",
        "Goiatins",
        "Guaraí",
        "Gurupi",
        "Ipueiras",
        "Itacajá",
        "Itaguatins",
        "Itapiratins",
        "Itaporã do Tocantins",
        "Jaú do Tocantins",
        "Juarina",
        "Lagoa da Confusão",
        "Lagoa do Tocantins",
        "Lajeado",
        "Lavandeira",
        "Lizarda",
        "Luzinópolis",
        "Marianópolis do Tocantins",
        "Mateiros",
        "Maurilândia do Tocantins",
        "Miracema do Tocantins",
        "Miranorte",
        "Monte do Carmo",
        "Monte Santo do Tocantins",
        "Muricilândia",
        "Natividade",
        "Nazaré",
        "Nova Olinda",
        "Nova Rosalândia",
        "Novo Acordo",
        "Novo Alegre",
        "Novo Jardim",
        "Oliveira de Fátima",
        "Palmeirante",
        "Palmeiras do Tocantins",
        "Palmeirópolis",
        "Paraíso do Tocantins",
        "Paranã",
        "Pau D'Arco",
        "Pedro Afonso",
        "Peixe",
        "Pequizeiro",
        "Pindorama do Tocantins",
        "Piraquê",
        "Pium",
        "Ponte Alta do Bom Jesus",
        "Ponte Alta do Tocantins",
        "Porto Alegre do Tocantins",
        "Porto Nacional",
        "Praia Norte",
        "Presidente Kennedy",
        "Pugmil",
        "Recursolândia",
        "Riachinho",
        "Rio da Conceição",
        "Rio dos Bois",
        "Rio Sono",
        "Sampaio",
        "Sandolândia",
        "Santa Fé do Araguaia",
        "Santa Maria do Tocantins",
        "Santa Rita do Tocantins",
        "Santa Rosa do Tocantins",
        "Santa Tereza do Tocantins",
        "Santa Terezinha do Tocantins",
        "São Bento do Tocantins",
        "São Félix do Tocantins",
        "São Miguel do Tocantins",
        "São Salvador do Tocantins",
        "São Sebastião do Tocantins",
        "São Valério",
        "Silvanópolis",
        "Sítio Novo do Tocantins",
        "Sucupira",
        "Tabocão",
        "Taguatinga",
        "Taipas do Tocantins",
        "Talismã",
        "Tocantínia",
        "Tocantinópolis",
        "Tupirama",
        "Tupiratins",
        "Wanderlândia",
        "Xambioá"
    ]
}